frame_id,time
0,0.0
1,0.10000000149
2,0.20000000298
3,0.300000011921
4,0.40000000596
5,0.5
6,0.600000023842
7,0.699999988079
8,0.800000011921
9,0.899999976158
10,1.0
11,1.10000002384
12,1.20000004768
13,1.29999995232
14,1.39999997616
15,1.5
16,1.60000002384
17,1.70000004768
18,1.79999995232
19,1.89999997616
20,2.0
21,2.09999990463
22,2.20000004768
23,2.29999995232
24,2.40000009537
25,2.5
26,2.59999990463
27,2.70000004768
28,2.79999995232
29,2.90000009537
30,3.0
31,3.09999990463
32,3.20000004768
33,3.29999995232
34,3.40000009537
35,3.5
36,3.59999990463
37,3.70000004768
38,3.79999995232
39,3.90000009537
40,4.0
41,4.09999990463
42,4.19999980927
43,4.30000019073
44,4.40000009537
45,4.5
46,4.59999990463
47,4.69999980927
48,4.80000019073
49,4.90000009537
50,5.0
51,39.4341125488
